2026-01-1514:45:08.3605797,P1_1f0ffb, r_a63b9a97, T3_add, success,, 5, 200, on
2026-01-15T14:46:13.543535Z, P1_1f0ffb, r_41a6c865, T4_delete, success,, 3, 200, on
2026-01-15T14:47:27.848256Z, P1_1f0ffb, r_5c6531f1, T3_add, success,,6, 200, on
2026-01-1514:47:39.201981Z, P1_1f0ffb, r_20ab097, T3_add, success,, 5, 200, on
2026-01-15T14:47:44.650034Z,P1_1f0ffb, r_271dedf, T3_add, success,, 6, 200, on
2026-01-15T14:47:49.732649Z, P1_1f0ffb, r_b57ee918, T1_filter, success,, 6, 200, on
2026-01-1514:47:50.8230332, P1_1f0ffb, r_Oabada69, T1_filter, success,, 4, 200, on
2026-01-15T14:47:51.3329772, P1_1f0ffb, r_a859b9b4, T1_filter, success,, 2, 200, on
2026-01-15T14:47:51.830524Z, P1_1f0ffb, r_88479ac6, T1_filter, success,, 3, 200, on
2026-01-1514:47:52.6827972, P1_1f0ffb, r_24acaa37, T1_filter, success,, 2, 200, on
2026-01-15T14:48:04.9589472, P1_1f0ffb, r_3ec99368, T3_add, success,, 6, 200, on
2026-01-15T14:48:12.023402Z,P1_1f0ffb,r_d5c35dfe, T3_add, success,, 7,200, on
2026-01-15T14:48:20.138990Z, P1_1f0ffb, r_db36f671, T3_add, success, ,6, 200, on
2026-01-15T14:48:22.162857Z, P1_1f0ffb, r_b902f619, T1_filter, success,, 5,200, on
2026-01-15714:50:16.345322Z, P1_1f0ffb, r_036acd60, T1_filter, success,, 6, 200, on
2026-01-15T14:50:22.144136Z,P1_1f0ffb, r_166f7981, T1_filter, success,, 3, 200, on
2026-01-15714:50:23.1074577, P1_1f0ffb, r_f9b1f00e, T1_filter, success,, 4, 200, on
2026-01-1514:50:23.857644Z,P1_1f0ffb, r-ffce2e12, T1_filter, success,, 5, 200, on
2026-01-1515:01:16.072776Z, P1_1f0ffb, r_26a89bd6, T3_add, success,, 8,200, on
2026-01-1616:39:33.925421515Z, P2_da3663, r_34d32221, T3_add, success,, 3,200, off
2026-01-16T16:39:33.957658358Z, P2_da3663, r_185ad2f0, TO_list, success,, 21,200, off
2026-01-16T16:43:53.175685898Z,P2_da3663, r_Oc2a2fdc, T4_delete, success,, 6,200, off
2026-01-16T16:43:53.199409263Z, P2_da3663, r_Oed363a7, T0_list, success,, 17,200, off
2026-01-16T16:45:20.867140919Z, P2_da3663, r_20da2b28, T4_delete, success,, 6,200, off
2026-01-16T16:45:20.909549031Z, P2_da3663, r_72ccf93f, TO_list, success,, 20,200, off
2026-01-16T16:45:56.175571015Z, P2_da3663, r_a572ea90, T3_add, success,, 3,200, off
2026-01-16T16:45:56.200719404Z, P2_da3663, r_3167dbbe, TO_list, success,, 13, 200, off
2026-01-16T16:46:07.363866022Z, P2_da3663, r_423898ee, T3_add, success,, 2,200, off
2026-01-16T16:46:07.383371928Z, P2_da3663, r_ebac5580, TO_list, success,, 13, 200, off
2026-01-16T16:46:17.777736Z,P2_da3663, r_d4c2b77e, T3_add, success,, 4,200, off
2026-01-16T16:46:17.801017663Z,P2_da3663, r_2f5abc38, TO_list, success,, 14,200, off
2026-01-16T16:47:43.449731568Z, P2_da3663, r_060f946, TO_list, success,, 21,200, off
2026-01-16T16:50:39.630795236Z, P2_da3663, r_51c618d5, T3_add, success,, 3,200, off
2026-01-16T16:50:39.661514900Z, P2_da3663, r_afcodaa, TO_list, success,, 19,200, off
2026-01-16T17:00:22.478777386Z, P3_5463a9, r_2a0519e6, T3_add, success,, 14,200, on
2026-01-16T17:00:36.357446770Z, P3_5463a9, r_a83c8a15, T4_delete, success,, 6,200, on
2026-01-1617:00:38.478145001Z, P3_5463a9, r_056258ab, T4_delete, success,, 6, 200, on
2026-01-16T17:00:39.916817754Z, P3_5463a9, r_blaf3d0b, T4_delete, success,, 5,200, on
2026-01-16T17:00:41.517270297Z, P3_5463a9, r_Odec67ef, T4_delete, success,, 6,200, on
2026-01-1617:00:43.439982521Z,P3_5463a9, r_d877625, T4_delete, success,, 6,200, on
2026-01-16T17:01:00.627683705Z, P3_5463a9, r_ab149670, T3_add, success,, 8, 200, on
2026-01-16T17:06:14.724880701Z, P3_5463a9, r_14117b45, T4_delete, success,, 5,200, on
2026-01-16T17:08:09.5971038187, P3_5463a9, r_88086a7, T3_add, success,, 13, 200, on
2026-01-16T17:08:21.5062915017, P3 5463a9, r 12123865, T3 add, success,, 9,200, on
2026-01-16T17:08:30.938395842Z, P3_5463a9, r_78d93a69, T3_add, success,, 10, 200, on
2026-01-16T17:10:01.1873998127, P3 5463a9, r 52a58e9f, T1 filter, success,, 12, 200, on
2026-01-16T17:10:01.548550997Z, P3_5463a9, r_C6d44d31, T1_filter, success,, 7,200, on
2026-01-16T17:10:01.914228695Z, P3_5463a9, r_379ee2b5, T1_filter, success,, 7,200, on
2026-01-16T17:10:02.370222095Z, P3_5463a9, r_cfcd87d, T1_filter, success,, 7,200, on
2026-01-16T17:10:02.802364017Z, P3_5463a9, r_2a0a0069, T1_filter, success,, 7,200, on
2026-01-16T17:10:03.831708604Z, P3_5463a9, r_b51b1034, T1_filter, success,, 4,200, on
2026-01-16T17:10:05.143117867Z, P3_5463a9, r_be4f7d33, T1_filter, success,, 4,200, on
2026-01-16T17:10:06.0738362612, P3_5463a9, r_20d2ffac, T1_filter, success,, 6,200, on
2026-01-16T17:10:08.091847866Z, P3_5463a9, r_dc5b6d25, T1_filter, success,, 8, 200, on
2026-01-16T17:11:37.862234362Z, P3 5463a9, r 98ba2517, T3 add, success,, 16,200, on

